{"count":1,"self":769.0372096,"total":1304.6772931,"children":{"InitializeSensors":{"count":1,"self":0.0049954,"total":0.0049954,"children":null},"AgentSendState":{"count":49602,"self":2.3771814,"total":6.6942498,"children":{"CollectObservations":{"count":10000,"self":0.2428157,"total":0.2428157,"children":null},"CollectDiscreteActionMasks":{"count":10000,"self":0.1638673,"total":0.1638673,"children":null},"AgentInfo.ToProto":{"count":10000,"self":0.5174369,"total":3.9103854,"children":{"GenerateSensorData":{"count":10000,"self":0.71705789999999991,"total":3.3929484999999997,"children":{"RayPerceptionSensor.Perceive":{"count":10000,"self":2.6758906,"total":2.6758906,"children":null}}}}}}},"DecideAction":{"count":49602,"self":527.1506432,"total":527.1506507,"children":null},"AgentAct":{"count":49602,"self":1.7542427999999999,"total":1.7842067,"children":{"AgentInfo.ToProto":{"count":99,"self":0.0019917,"total":0.029963999999999998,"children":{"GenerateSensorData":{"count":99,"self":0.0029817,"total":0.0279723,"children":{"RayPerceptionSensor.Perceive":{"count":99,"self":0.024990599999999998,"total":0.024990599999999998,"children":null}}}}}}}},"gauges":{"prj.2.0.0.CumulativeReward":{"count":99,"max":103.550217,"min":-12.5000763,"runningAverage":34.58028,"value":42.9352455,"weightedAverage":38.80097}},"metadata":{"timer_format_version":"0.1.0","start_time_seconds":"1598803698","unity_version":"2019.3.13f1","command_line_arguments":"D:\/pc\/unity envs\/prj.4.1.0\/prj.4.0.0.exe --mlagents-port 5005","communication_protocol_version":"1.0.0","com.unity.ml-agents_version":"1.1.0-preview","scene_name":"SampleScene","end_time_seconds":"1598805002"}}